,base_real_test,fine_tuned_real_test,base_review_development,fine_tuned_review_development,base_template_smoke,fine_tuned_template_smoke,base_behavior_test,fine_tuned_behavior_test
n,22.0,22.0,32.0,32.0,62.0,62.0,145.0,145.0
schema_valid_rate,0.45454545454545453,1.0,0.5625,1.0,0.1935483870967742,1.0,0.2482758620689655,1.0
validator_acceptance_rate,0.45454545454545453,0.9545454545454546,0.5625,0.96875,0.1935483870967742,0.967741935483871,0.19310344827586207,0.8827586206896552
action_accuracy,0.45454545454545453,1.0,0.3125,1.0,0.12903225806451613,0.9193548387096774,0.19310344827586207,0.7586206896551724
joint_goal_accuracy,0.0,1.0,0.5333333333333333,1.0,0.1935483870967742,0.9193548387096774,0.1793103448275862,0.7517241379310344
scored_label_success_rate,0.045454545454545456,0.5454545454545454,0.03125,0.6875,0.06451612903225806,0.8225806451612904,0.04827586206896552,0.7034482758620689
structured_task_success_rate,0.0,0.5454545454545454,0.0,0.6875,0.06451612903225806,0.8225806451612904,0.04827586206896552,0.7034482758620689
failure_macro_f1,0.12307692307692308,0.8666666666666666,0.08,0.8666666666666666,0.07407407407407407,0.929341161121983,0.11111111111111112,0.9468899592005066
failure_detection_precision,0.6666666666666666,1.0,0.4,1.0,0.17391304347826086,0.8888888888888888,0.18032786885245902,0.7096774193548387
failure_detection_recall,0.5882352941176471,0.9411764705882353,0.5882352941176471,0.9411764705882353,0.3333333333333333,1.0,0.4888888888888889,0.9777777777777777
failure_detection_f1,0.625,0.9696969696969697,0.47619047619047616,0.9696969696969697,0.22857142857142856,0.9411764705882353,0.2634730538922156,0.822429906542056
failure_detection_accuracy,0.45454545454545453,0.9545454545454546,0.3125,0.96875,0.12903225806451613,0.9516129032258065,0.15172413793103448,0.8689655172413793
review_failure_recall,0.5882352941176471,0.9411764705882353,0.5882352941176471,0.9411764705882353,0.6666666666666666,1.0,0.6666666666666666,1.0
review_false_alarm_rate,,,1.0,0.0,1.0,0.0,1.0,0.0
recovery_strategy_agreement_at_1,0.17647058823529413,0.47058823529411764,0.17647058823529413,0.47058823529411764,0.16666666666666666,0.8333333333333334,0.3333333333333333,0.9777777777777777
recovery_acceptance_at_1,0.17647058823529413,0.4117647058823529,0.17647058823529413,0.4117647058823529,0.16666666666666666,0.8333333333333334,0.2,0.9777777777777777
context_goal_accuracy,,,,,0.0,1.0,0.0,1.0
unsupported_id_proposal_rate,0.0,0.0,0.0,0.0,0.0,0.0,0.041379310344827586,0.05517241379310345
disallowed_action_proposal_rate,0.045454545454545456,0.0,0.03125,0.0,0.03225806451612903,0.03225806451612903,0.0,0.0
generation_p50_ms,6106.461205000016,7632.090775000279,6132.123208000053,7454.3468125000345,6663.148004500044,8837.564036999993,6968.745254999931,8958.233012000164
generation_p95_ms,7424.9073584499965,9356.202256349843,7053.86299700003,8884.15482790001,7024.647194549976,9306.985346150168,7518.1714018001,9727.530200799993
