evaluation_set,n,metric,base,fine_tuned,absolute_change
real held-out,22,Schema valid,0.45454545454545453,1.0,0.5454545454545454
real held-out,22,Validator accepted,0.45454545454545453,0.9545454545454546,0.5
real held-out,22,Action accuracy,0.45454545454545453,1.0,0.5454545454545454
real held-out,22,Structured task success,0.0,0.5454545454545454,0.5454545454545454
real held-out,22,Failure macro-F1,0.12307692307692308,0.8666666666666666,0.7435897435897435
real held-out,22,Failure detection F1,0.625,0.9696969696969697,0.3446969696969697
real held-out,22,Recovery agreement@1,0.17647058823529413,0.47058823529411764,0.2941176470588235
development review,32,Schema valid,0.5625,1.0,0.4375
development review,32,Validator accepted,0.5625,0.96875,0.40625
development review,32,Action accuracy,0.3125,1.0,0.6875
development review,32,Structured task success,0.0,0.6875,0.6875
development review,32,Failure macro-F1,0.08,0.8666666666666666,0.7866666666666666
development review,32,Failure detection F1,0.47619047619047616,0.9696969696969697,0.49350649350649356
development review,32,Recovery agreement@1,0.17647058823529413,0.47058823529411764,0.2941176470588235
synthetic smoke,62,Schema valid,0.1935483870967742,1.0,0.8064516129032258
synthetic smoke,62,Validator accepted,0.1935483870967742,0.967741935483871,0.7741935483870968
synthetic smoke,62,Action accuracy,0.12903225806451613,0.9193548387096774,0.7903225806451613
synthetic smoke,62,Structured task success,0.06451612903225806,0.8225806451612904,0.7580645161290323
synthetic smoke,62,Failure macro-F1,0.07407407407407407,0.929341161121983,0.8552670870479089
synthetic smoke,62,Failure detection F1,0.22857142857142856,0.9411764705882353,0.7126050420168067
synthetic smoke,62,Recovery agreement@1,0.16666666666666666,0.8333333333333334,0.6666666666666667
supplement behavior,145,Schema valid,0.2482758620689655,1.0,0.7517241379310344
supplement behavior,145,Validator accepted,0.19310344827586207,0.8827586206896552,0.6896551724137931
supplement behavior,145,Action accuracy,0.19310344827586207,0.7586206896551724,0.5655172413793104
supplement behavior,145,Structured task success,0.04827586206896552,0.7034482758620689,0.6551724137931034
supplement behavior,145,Failure macro-F1,0.11111111111111112,0.9468899592005066,0.8357788480893954
supplement behavior,145,Failure detection F1,0.2634730538922156,0.822429906542056,0.5589568526498405
supplement behavior,145,Recovery agreement@1,0.3333333333333333,0.9777777777777777,0.6444444444444444
